amoblado,bathroom,baulera,bedroom,dimension,garage,latitud,longitud,neighborhood,price,status,type_offer,year_built,riesgo
0,4.0,0,4.0,216,2,-16.562834,-68.10494200000001,Mallasilla,219000.0,1,Venta,2019.0,alto
1,4.0,0,3.0,325,2,-16.507460000000002,-68.041359,Achumani,140000.0,2,Venta,,alto
0,4.0,0,11.0,310,1,-16.512894,-68.120224,San Jorge,420000.0,2,Venta,1959.0,muy bajo
0,3.0,0,3.0,308,3,-16.549068,-68.073402,Auquisamaña,250000.0,2,Venta,1999.0,bajo
0,5.0,0,5.0,430,3,-16.525328,-68.061653,Achumani,260000.0,1,Venta,2019.0,alto
0,3.0,0,4.0,308,2,-16.563323999999998,-68.105347,Mallasilla,252000.0,1,Venta,2019.0,alto
0,5.0,0,5.0,371,2,-16.541605,-68.057381,Cota Cota,320000.0,2,Venta,,moderado
0,6.0,0,4.0,580,2,-16.569693,-68.098495,Mallasilla,1000000.0,2,Venta,,alto
0,3.0,0,3.0,190,2,-16.514442000000003,-68.054077,Achumani,188000.0,1,Venta,2019.0,alto
0,6.0,0,5.0,380,4,-16.568037,-68.101189,Mallasilla,328000.0,2,Venta,2015.0,alto
0,4.0,0,4.0,560,0,-16.502979,-68.082169,Irpavi,255000.0,2,Venta,,moderado
0,6.0,0,4.0,380,4,-16.528793,-68.085922,Irpavi,395000.0,2,Venta,,moderado
0,5.0,0,3.0,300,3,-16.50296,-68.081078,Irpavi,248000.0,2,Venta,2014.0,moderado
0,5.0,0,4.0,300,3,-16.559654000000002,-68.10165400000001,Aranjuez,359000.0,2,Venta,,moderado
0,3.0,0,4.0,377,1,-16.536493,-68.102615,Seguencoma,270000.0,2,Venta,,bajo
0,3.0,0,4.0,378,1,-16.511305,-68.08064300000001,Alto Irpavi,139000.0,1,Venta,,bajo
0,4.0,0,5.0,350,3,-16.527548,-68.105324,Obrajes,530000.0,2,Venta,,bajo
0,2.0,0,4.0,240,1,-16.522011,-68.09025600000001,Bolognia,215000.0,2,Venta,,bajo
0,4.0,0,3.0,423,3,-16.539234,-68.08671600000001,Calacoto,510000.0,1,Venta,2017.0,bajo
0,6.0,0,4.0,360,3,-16.516603,-68.061501,Achumani,630000.0,2,Venta,2008.0,alto
0,5.0,0,4.0,500,4,-16.540155,-68.085892,Calacoto,850000.0,1,Venta,2001.0,bajo
0,6.0,0,4.0,1461,3,-16.542698,-68.062912,Cota Cota,980000.0,2,Venta,2000.0,moderado
0,5.0,0,5.0,433,1,-16.502962,-68.117294,Miraflores,370000.0,2,Venta,,muy bajo
0,4.0,0,5.0,250,3,-16.514275,-68.051361,Achumani,169000.0,1,Venta,2019.0,alto
0,5.0,0,4.0,500,2,-16.544453,-68.07309000000001,Los Pinos,359000.0,2,Venta,,moderado
0,4.0,0,3.0,625,3,-16.517809,-68.051636,Achumani,290000.0,2,Venta,2015.0,alto
0,4.0,0,20.0,600,0,-16.501877,-68.13359799999999,San Pedro,900000.0,2,Venta,,moderado
0,3.0,0,4.0,360,2,-16.534983,-68.069778,Achumani,400000.0,2,Venta,2005.0,alto
0,4.0,1,3.0,291,3,-16.542147,-68.068962,Cota Cota,235000.0,2,Venta,1997.0,moderado
0,6.0,0,4.0,590,2,-16.512695,-68.06139399999999,Achumani,400000.0,1,Venta,2017.0,alto
0,3.0,0,4.0,287,2,-16.538715,-68.096756,Seguencoma,248000.0,2,Venta,,bajo
0,3.0,0,6.0,333,0,-16.499676,-68.143204,San Pedro,620000.0,2,Venta,2005.0,moderado
0,3.0,0,4.0,300,2,-16.526045,-68.06324000000001,Achumani,370000.0,2,Venta,2010.0,alto
0,6.0,0,10.0,337,1,-16.51156,-68.11882,San Jorge,420000.0,2,Venta,1967.0,muy bajo
0,8.0,0,5.0,510,3,-16.502229999999997,-68.082146,Irpavi,570000.0,2,Venta,2011.0,moderado
0,3.0,0,4.0,311,2,-16.54936,-68.076736,Auquisamaña,250000.0,2,Venta,,bajo
0,4.0,0,4.0,297,2,-16.537321,-68.04675300000001,Chasquipampa,270000.0,2,Venta,,bajo
0,8.0,0,6.0,780,3,-16.531509,-68.063103,Achumani,560000.0,2,Venta,1999.0,alto
0,3.0,0,3.0,400,2,-16.54213,-68.056198,Cota Cota,380000.0,2,Venta,,moderado
0,4.0,0,3.0,464,0,-16.545839,-68.084091,La Florida,450000.0,2,Venta,,moderado
0,5.0,0,4.0,990,1,-16.547079,-68.069542,Auquisamaña,750000.0,1,Venta,2003.0,bajo
0,7.0,0,4.0,567,3,-16.548651,-68.06781,Auquisamaña,716000.0,2,Venta,2011.0,bajo
0,4.0,0,3.0,370,4,-16.515427,-68.06081400000001,Achumani,465000.0,1,Venta,2010.0,alto
0,3.0,0,9.0,380,1,-16.519915,-68.116325,Miraflores,380000.0,2,Venta,1980.0,muy bajo
0,5.0,0,4.0,350,1,-16.5284,-68.109756,Obrajes,285000.0,2,Venta,,bajo
0,2.0,0,3.0,200,3,-16.533479999999997,-68.10333299999999,Seguencoma,210000.0,2,Venta,,bajo
0,3.0,0,3.0,285,3,-16.523584,-68.086288,Irpavi,420000.0,1,Venta,2011.0,moderado
0,6.0,0,4.0,530,3,-16.552507000000002,-68.08371700000001,La Florida,535000.0,2,Venta,2015.0,moderado
0,2.0,0,3.0,350,2,-16.513016,-68.123688,Sopocachi,330000.0,2,Venta,,moderado
0,3.0,0,4.0,262,2,-16.527895,-68.08431999999999,Irpavi,280000.0,2,Venta,1997.0,moderado
0,3.0,0,3.0,160,2,-16.52046,-68.058472,Achumani,188000.0,1,Venta,2019.0,alto
0,5.0,0,10.0,1000,4,-16.538715,-68.096313,Seguencoma,480000.0,1,Venta,1973.0,bajo
0,3.0,0,3.0,300,3,-16.512541,-68.06163000000001,Achumani,240000.0,2,Venta,,alto
0,5.0,0,4.0,386,2,-16.562920000000002,-68.105576,Mallasilla,400000.0,2,Venta,,alto
0,5.0,0,3.0,400,3,-16.515982,-68.08805100000001,Irpavi,300000.0,2,Venta,2014.0,moderado
0,4.0,0,3.0,300,2,-16.519169,-68.077232,Alto Irpavi,250000.0,2,Venta,,bajo
0,6.0,0,4.0,380,5,-16.504696,-68.082527,Irpavi,347000.0,2,Venta,,moderado
0,4.0,0,3.0,220,4,-16.514318,-68.05438199999999,Achumani,243000.0,1,Venta,2019.0,alto
0,6.0,0,4.0,581,2,-16.551057999999998,-68.08557900000001,La Florida,500000.0,2,Venta,2017.0,moderado
0,5.0,0,3.0,406,2,-16.548426,-68.08575400000001,La Florida,483800.0,1,Venta,2019.0,moderado
0,5.0,0,3.0,295,3,-16.538839000000003,-68.047729,Chasquipampa,280000.0,2,Venta,2014.0,bajo
0,5.0,0,4.0,260,2,-16.514154,-68.058319,Achumani,370000.0,2,Venta,,alto
0,5.0,0,4.0,385,2,-16.518499,-68.086853,Irpavi,335000.0,2,Venta,,moderado
0,6.0,0,5.0,494,4,-16.513044,-68.056694,Achumani,620000.0,2,Venta,2007.0,alto
0,1.0,0,2.0,500,0,-16.526003,-68.096222,Bella Vista,35500.0,2,Venta,1991.0,moderado
0,5.0,0,5.0,316,2,-16.543941,-68.07907900000001,San Miguel,420000.0,2,Venta,,bajo
0,5.0,0,4.0,480,4,-16.513536,-68.06004300000001,Achumani,630000.0,2,Venta,2006.0,alto
0,5.0,0,3.0,401,3,-16.571213,-68.091972,Mallasilla,540000.0,2,Venta,1990.0,alto
0,3.0,0,3.0,512,2,-16.534685,-68.07798000000001,Achumani,550000.0,2,Venta,,alto
0,6.0,0,4.0,413,2,-16.551336,-68.070038,Auquisamaña,360000.0,2,Venta,,bajo
0,3.0,0,3.0,670,3,-16.543612,-68.082893,Calacoto,1050000.0,1,Venta,2014.0,bajo
0,6.0,0,4.0,1400,6,-16.547047,-68.08815799999999,La Florida,1700000.0,1,Venta,,moderado
0,3.0,0,3.0,440,2,-16.551388,-68.084808,La Florida,495000.0,2,Venta,,moderado
0,4.0,0,3.0,152,3,-16.547148,-68.045662,Chasquipampa,149000.0,2,Venta,,bajo
0,8.0,0,6.0,677,5,-16.520359,-68.08635699999999,Irpavi,799000.0,2,Venta,,moderado
0,4.0,0,4.0,307,1,-16.540758,-68.063416,Cota Cota,170000.0,2,Venta,,moderado
0,4.0,0,3.0,300,3,-16.514236,-68.058945,Achumani,237000.0,1,Venta,,alto
0,4.0,0,3.0,340,2,-16.542582,-68.06079100000001,Cota Cota,415000.0,2,Venta,1996.0,moderado
0,5.0,0,4.0,420,3,-16.517899,-68.062874,Achumani,500000.0,2,Venta,2010.0,alto
0,4.0,0,3.0,350,4,-16.543179000000002,-68.07083100000001,Los Pinos,650000.0,2,Venta,,moderado
0,5.0,0,5.0,550,4,-16.541122,-68.087875,Calacoto,1600000.0,2,Venta,2007.0,bajo
0,6.0,0,5.0,477,3,-16.542171,-68.076035,Calacoto,445000.0,2,Venta,,bajo
0,6.0,0,4.0,280,2,-16.514395,-68.082565,Alto Irpavi,235000.0,2,Venta,,bajo
0,2.0,0,2.0,349,0,-16.524441,-68.110016,Obrajes,170000.0,2,Venta,,bajo
0,5.0,0,3.0,410,2,-16.554102,-68.08163499999999,La Florida,483000.0,1,Venta,2019.0,moderado
0,5.0,0,3.0,415,2,-16.520739000000003,-68.06369000000001,Achumani,345000.0,2,Venta,,alto
0,6.0,0,5.0,515,4,-16.500849,-68.082352,Irpavi,810000.0,2,Venta,1999.0,moderado
0,8.0,0,6.0,690,2,-16.544395,-68.065979,Cota Cota,610000.0,2,Venta,,moderado
0,5.0,0,4.0,462,3,-16.52046,-68.062073,Achumani,380000.0,2,Venta,2009.0,alto
0,7.0,0,9.0,423,3,-16.510656,-68.061501,Achumani,198000.0,1,Venta,,alto
0,5.0,0,4.0,300,3,-16.563131,-68.102333,Mallasilla,368000.0,2,Venta,2002.0,alto
0,3.0,0,9.0,416,0,-16.497734,-68.090775,Villa San Antonio,330000.0,2,Venta,,alto
0,7.0,0,5.0,425,3,-16.523042999999998,-68.06691,Achumani,485000.0,2,Venta,2010.0,alto
0,4.0,0,4.0,270,2,-16.552073999999998,-68.083115,La Florida,340000.0,2,Venta,2012.0,moderado
0,15.0,0,13.0,1438,8,-16.544447,-68.065163,Cota Cota,1400000.0,2,Venta,,moderado
0,3.0,0,4.0,205,2,-16.563457,-68.105331,Mallasilla,211000.0,1,Venta,2019.0,alto
0,3.0,0,4.0,304,1,-16.563168,-68.104889,Mallasilla,201000.0,1,Venta,2019.0,alto
0,5.0,0,4.0,252,2,-16.563285999999998,-68.105133,Mallasilla,222000.0,1,Venta,2019.0,alto
0,2.0,0,2.0,200,2,-16.532688,-68.074715,Achumani,350000.0,2,Venta,2011.0,alto
0,7.0,0,5.0,485,2,-16.550635999999997,-68.069687,Auquisamaña,277000.0,1,Venta,,bajo
0,4.0,0,5.0,250,3,-16.513678,-68.053596,Achumani,169000.0,1,Venta,2019.0,alto
0,5.0,0,4.0,420,1,-16.516829,-68.064293,Achumani,550000.0,2,Venta,,alto
0,3.0,0,3.0,187,2,-16.544007999999998,-68.054024,Chasquipampa,240000.0,2,Venta,,bajo
0,4.0,0,3.0,380,3,-16.563084,-68.09684,Mallasilla,274000.0,2,Venta,,alto
0,5.0,0,6.0,376,4,-16.525633,-68.126923,Llojeta,320000.0,2,Venta,1997.0,alto
0,7.0,0,4.0,604,4,-16.549946,-68.07412,Auquisamaña,865000.0,2,Venta,2013.0,bajo
0,4.0,0,4.0,304,2,-16.544447,-68.065163,Cota Cota,370000.0,2,Venta,,moderado
0,3.0,0,3.0,183,2,-16.522054999999998,-68.054893,Achumani,168000.0,2,Venta,,alto
0,3.0,0,9.0,678,2,-16.539618,-68.096535,Seguencoma,420000.0,2,Venta,1975.0,bajo
0,4.0,0,4.0,280,3,-16.543776,-68.069511,Cota Cota,430000.0,2,Venta,2000.0,moderado
0,4.0,0,3.0,280,2,-16.532463,-68.07330300000001,Achumani,360000.0,2,Venta,2014.0,alto
0,5.0,0,4.0,330,3,-16.522072,-68.062073,Achumani,395000.0,2,Venta,,alto
0,5.0,0,5.0,530,5,-16.529293,-68.102722,Obrajes,1100000.0,2,Venta,1997.0,bajo
0,5.0,0,4.0,470,2,-16.535742000000003,-68.07465400000001,Achumani,369000.0,2,Venta,,alto
0,6.0,0,5.0,280,3,-16.514523999999998,-68.05901300000001,Achumani,320000.0,2,Venta,2012.0,alto
0,1.0,0,5.0,320,3,-16.542665,-68.06809200000001,Calacoto,460000.0,2,Venta,,bajo
0,5.0,0,4.0,400,2,-16.540976999999998,-68.085983,Calacoto,1200000.0,2,Venta,,bajo
0,6.0,0,6.0,485,2,-16.557638,-68.098846,Aranjuez,350000.0,2,Venta,,moderado
0,4.0,0,4.0,209,3,-16.531843,-68.037132,Ovejuyo,280000.0,2,Venta,2018.0,moderado
0,7.0,0,5.0,494,4,-16.511129,-68.05551899999999,Achumani,560000.0,2,Venta,2002.0,alto
0,7.0,0,7.0,550,4,-16.543509,-68.06154599999999,Cota Cota,650000.0,2,Venta,1992.0,moderado
0,5.0,0,4.0,620,5,-16.537254,-68.072968,Calacoto,890000.0,2,Venta,,bajo
0,5.0,0,4.0,374,2,-16.517032999999998,-68.087242,Irpavi,315000.0,2,Venta,,moderado
0,3.0,0,5.0,700,0,-16.523229999999998,-68.061745,Achumani,480000.0,2,Venta,,alto
0,5.0,0,5.0,550,3,-16.547911,-68.067444,Auquisamaña,750000.0,2,Venta,1994.0,bajo
0,6.0,0,4.0,378,2,-16.557436,-68.104431,Aranjuez,299000.0,2,Venta,,moderado
0,6.0,0,4.0,345,2,-16.512421,-68.057358,Achumani,375000.0,2,Venta,,alto
0,7.0,0,4.0,400,4,-16.536821,-68.097122,Seguencoma,480000.0,1,Venta,2003.0,bajo
0,5.0,0,4.0,458,2,-16.528246,-68.102898,Obrajes,700000.0,2,Venta,,bajo
0,5.0,0,4.0,490,3,-16.521314999999998,-68.061523,Achumani,350000.0,2,Venta,2007.0,alto
0,2.0,0,4.0,280,2,-16.521849,-68.060905,Achumani,165000.0,2,Venta,,alto
0,2.0,0,15.0,1500,7,-16.49164,-68.138237,Centro,1280000.0,2,Venta,,bajo
0,13.0,0,10.0,924,2,-16.564792999999998,-68.112801,Mallasilla,980000.0,2,Venta,1998.0,alto
0,5.0,0,5.0,300,2,-16.536985,-68.04244200000001,Chasquipampa,270000.0,2,Venta,2005.0,bajo
0,6.0,0,4.0,375,2,-16.546511,-68.069405,Calacoto,410000.0,2,Venta,,bajo
0,4.0,0,12.0,400,2,-16.543734,-68.068993,Cota Cota,780000.0,2,Venta,1994.0,moderado
0,6.0,0,4.0,345,3,-16.514828,-68.060257,Achumani,360000.0,2,Venta,,alto
0,3.0,0,3.0,442,3,-16.539442,-68.08094799999999,San Miguel,775000.0,2,Venta,,bajo
0,4.0,0,4.0,700,2,-16.53055,-68.07643900000001,Achumani,430000.0,2,Venta,,alto
0,6.0,0,3.0,300,3,-16.550678,-68.085625,La Florida,440000.0,1,Venta,2010.0,moderado
0,3.0,0,4.0,209,1,-16.563347,-68.105347,Mallasilla,199000.0,1,Venta,2019.0,alto
0,4.0,0,3.0,260,2,-16.508095,-68.053833,Achumani,210000.0,1,Venta,2019.0,alto
0,4.0,0,4.0,450,10,-16.669477,-68.011597,Mecapaca,290000.0,1,Venta,2014.0,alto
0,4.0,0,5.0,280,4,-16.521725,-68.060249,Achumani,340000.0,2,Venta,2009.0,alto
0,4.0,0,4.0,436,2,-16.531269,-68.095062,Bella Vista,570000.0,2,Venta,,moderado
0,5.0,0,4.0,557,3,-16.541328,-68.08330500000001,Calacoto,1320000.0,2,Venta,1990.0,bajo
0,8.0,0,14.0,600,1,-16.512918,-68.140167,Tembladerani,460000.0,2,Venta,2005.0,moderado
0,8.0,0,35.0,1500,6,-16.486256,-68.141586,Centro,1280000.0,2,Venta,,bajo
0,5.0,0,16.0,699,1,-16.511629,-68.12162,San Jorge,950000.0,2,Venta,1970.0,muy bajo
0,5.0,0,6.0,300,2,-16.492722,-68.09992199999999,Pampahasi,163000.0,1,Venta,2019.0,bajo
0,3.0,0,3.0,398,3,-16.518887,-68.06175999999999,Achumani,720000.0,2,Venta,,alto
0,7.0,0,4.0,620,4,-16.556732,-68.09764100000001,Aranjuez,885000.0,2,Venta,2015.0,moderado
0,4.0,0,4.0,216,2,-16.562946,-68.104889,Mallasilla,219000.0,1,Venta,2019.0,alto
0,4.0,0,3.0,280,2,-16.519669,-68.06532299999999,Achumani,240000.0,2,Venta,2010.0,alto
0,3.0,0,5.0,571,2,-16.522629000000002,-68.114052,Obrajes,380000.0,2,Venta,1984.0,bajo
0,3.0,0,4.0,311,2,-16.54936,-68.076736,Auquisamaña,250000.0,2,Venta,,bajo
0,4.0,0,4.0,225,2,-16.562936999999998,-68.104958,Mallasilla,228000.0,1,Venta,2019.0,alto
0,4.0,0,4.0,316,3,-16.535045999999998,-68.069473,Achumani,270000.0,2,Venta,2002.0,alto
0,5.0,0,3.0,308,4,-16.548328,-68.07034300000001,Auquisamaña,240000.0,2,Venta,,bajo
0,4.0,0,4.0,262,0,-16.525783999999998,-68.086235,Irpavi,279000.0,2,Venta,,moderado
0,4.0,0,5.0,333,2,-16.51738,-68.062973,Achumani,220000.0,1,Venta,,alto
0,5.0,0,5.0,290,2,-16.516088,-68.06517,Achumani,315000.0,1,Venta,2012.0,alto
0,3.0,0,4.0,280,3,-16.531763,-68.063477,Achumani,110000.0,1,Venta,2019.0,alto
0,5.0,0,6.0,270,3,-16.569035,-68.118149,Mallasilla,239000.0,1,Venta,2019.0,alto
0,5.0,0,5.0,550,5,-16.540701000000002,-68.07159399999999,Cota Cota,630000.0,2,Venta,,moderado
0,6.0,0,4.0,460,8,-16.523289000000002,-68.05438199999999,Achumani,320000.0,2,Venta,2010.0,alto
0,8.0,0,5.0,597,2,-16.529888,-68.083839,Irpavi,390000.0,2,Venta,,moderado
0,5.0,0,4.0,385,2,-16.525783999999998,-68.087418,Irpavi,335000.0,2,Venta,2000.0,moderado
0,5.0,0,3.0,310,2,-16.567923,-68.10141,Mallasilla,280000.0,2,Venta,,alto
0,5.0,0,4.0,370,1,-16.566319,-68.106049,Mallasilla,290000.0,2,Venta,2007.0,alto
0,3.0,0,4.0,274,2,-16.562513,-68.099525,Mallasilla,285000.0,1,Venta,2018.0,alto
0,5.0,0,3.0,300,2,-16.549001999999998,-68.085922,La Florida,440000.0,1,Venta,2011.0,moderado
0,3.0,0,3.0,291,4,-16.534788,-68.076736,Achumani,424000.0,2,Venta,,alto
0,6.0,0,4.0,1400,6,-16.530298000000002,-68.05154399999999,Achumani,480000.0,2,Venta,,alto
0,4.0,0,4.0,480,2,-16.535877,-68.07351700000001,Achumani,350000.0,2,Venta,1980.0,alto
0,6.0,0,4.0,1400,6,-16.530298000000002,-68.05154399999999,Achumani,480000.0,2,Venta,,alto
0,4.0,0,5.0,442,3,-16.521828,-68.08219100000001,Alto Irpavi,290000.0,2,Venta,2000.0,bajo
0,5.0,0,6.0,365,3,-16.514671,-68.059669,Achumani,290000.0,2,Venta,1993.0,alto
0,3.0,0,3.0,150,2,-16.503864,-68.076904,Irpavi,160000.0,2,Venta,,moderado
0,3.0,0,3.0,150,2,-16.503864,-68.076904,Irpavi,160000.0,2,Venta,,moderado
0,5.0,0,5.0,290,5,-16.576521,-68.078659,Mallasa,370000.0,2,Venta,2006.0,alto
0,6.0,0,5.0,424,3,-16.551737,-68.066109,Auquisamaña,750000.0,2,Venta,,bajo
0,6.0,0,5.0,424,3,-16.551737,-68.066109,Auquisamaña,750000.0,2,Venta,,bajo
0,6.0,0,6.0,470,3,-16.521128,-68.081863,Alto Irpavi,315000.0,2,Venta,,bajo
0,4.0,0,5.0,536,4,-16.548656,-68.086311,La Florida,595000.0,2,Venta,1985.0,moderado
0,4.0,0,3.0,220,4,-16.51943,-68.059784,Achumani,243000.0,2,Venta,,alto
0,6.0,0,6.0,470,3,-16.521128,-68.081863,Alto Irpavi,315000.0,2,Venta,,bajo
0,4.0,0,3.0,220,4,-16.518841000000002,-68.06289699999999,Achumani,243000.0,2,Venta,,alto
0,5.0,0,4.0,375,4,-16.52313,-68.058601,Achumani,330000.0,2,Venta,,alto
0,5.0,0,3.0,250,2,-16.527801999999998,-68.065552,Achumani,286000.0,1,Venta,2018.0,alto
0,6.0,0,5.0,760,5,-16.549126,-68.08414499999999,La Florida,600000.0,2,Venta,2010.0,moderado
0,4.0,0,3.0,291,4,-16.536001000000002,-68.076973,Achumani,415000.0,2,Venta,,alto
0,3.0,0,3.0,181,2,-16.52103,-68.06079100000001,Achumani,305000.0,2,Venta,,alto
0,2.0,0,6.0,200,2,-16.521445999999997,-68.108292,Alto Obrajes,220000.0,2,Venta,1978.0,moderado
0,4.0,0,3.0,240,3,-16.510842999999998,-68.057373,Achumani,188000.0,1,Venta,,alto
0,3.0,0,3.0,181,2,-16.520676,-68.061317,Achumani,305000.0,2,Venta,,alto
0,4.0,0,3.0,300,2,-16.544447,-68.074432,Los Pinos,120000.0,2,Venta,,moderado
0,6.0,0,4.0,519,2,-16.509783,-68.054062,Achumani,790000.0,2,Venta,,alto
0,7.0,0,5.0,380,4,-16.56233,-68.100098,Mallasilla,328000.0,2,Venta,,alto
0,6.0,0,4.0,519,2,-16.509783,-68.054062,Achumani,790000.0,2,Venta,,alto
0,4.0,0,3.0,220,3,-16.538385,-68.042877,Chasquipampa,158000.0,2,Venta,2005.0,bajo
0,7.0,0,5.0,380,4,-16.56233,-68.100098,Mallasilla,328000.0,2,Venta,,alto
0,6.0,0,9.0,880,2,-16.520243,-68.109451,Alto Obrajes,380000.0,2,Venta,1995.0,moderado
0,4.0,0,4.0,400,5,-16.50466,-68.082024,Irpavi,350000.0,2,Venta,2005.0,moderado
0,7.0,0,4.0,600,5,-16.542417999999998,-68.087929,Calacoto,1500000.0,2,Venta,,bajo
0,4.0,0,4.0,400,4,-16.546265,-68.066666,Auquisamaña,360000.0,2,Venta,2000.0,bajo
0,2.0,0,10.0,380,4,-16.510399,-68.12915799999999,Sopocachi,300000.0,2,Venta,1950.0,moderado
0,4.0,0,3.0,275,2,-16.518723,-68.060303,Achumani,250000.0,1,Venta,2018.0,alto
0,8.0,0,7.0,600,2,-16.487818,-68.161148,El Tejar,260000.0,2,Venta,,moderado
0,5.0,0,4.0,446,3,-16.520546,-68.103096,Alto Obrajes,345000.0,2,Venta,,moderado
0,5.0,0,4.0,400,3,-16.548178,-68.087639,La Florida,640000.0,2,Venta,2005.0,moderado
0,4.0,0,4.0,292,3,-16.547642,-68.078094,Auquisamaña,260000.0,2,Venta,,bajo
0,4.0,0,4.0,280,4,-16.508574,-68.124153,Sopocachi,410000.0,2,Venta,2000.0,moderado
0,5.0,0,4.0,460,6,-16.523577,-68.05259699999999,Achumani,320000.0,2,Venta,2012.0,alto
0,5.0,0,3.0,300,2,-16.54711,-68.084724,La Florida,440000.0,2,Venta,2010.0,moderado
0,5.0,0,3.0,290,3,-16.515877,-68.057846,Achumani,285000.0,2,Venta,,alto
0,7.0,0,4.0,400,2,-16.540594,-68.066994,Cota Cota,580000.0,2,Venta,1998.0,moderado
0,5.0,0,5.0,380,4,-16.562739999999998,-68.099571,Mallasilla,320000.0,2,Venta,2015.0,alto
0,5.0,0,3.0,324,4,-16.558641,-68.093307,Aranjuez,289000.0,1,Venta,2018.0,moderado
0,5.0,0,4.0,500,2,-16.512735,-68.057358,Achumani,550000.0,2,Venta,1997.0,alto
0,4.0,0,3.0,310,3,-16.535515,-68.075829,Achumani,420000.0,2,Venta,1985.0,alto
0,6.0,0,5.0,380,4,-16.562698,-68.099228,Mallasilla,328000.0,2,Venta,2015.0,alto
0,3.0,0,3.0,187,2,-16.544007999999998,-68.054024,Chasquipampa,240000.0,2,Venta,,bajo
0,5.0,0,5.0,420,3,-16.524481,-68.112289,Obrajes,350000.0,2,Venta,2010.0,bajo
0,2.0,0,4.0,238,3,-16.525211,-68.107231,Obrajes,210000.0,2,Venta,1984.0,bajo
0,3.0,0,4.0,300,3,-16.560845999999998,-68.091507,Aranjuez,350000.0,2,Venta,,moderado
0,7.0,0,4.0,650,5,-16.556341,-68.09605400000001,Aranjuez,890000.0,2,Venta,,moderado
0,7.0,0,6.0,408,1,-16.521027,-68.0821,Koani,350000.0,1,Venta,2018.0,bajo
0,4.0,0,3.0,300,2,-16.547216,-68.06343100000001,Cota Cota,257000.0,1,Venta,,moderado
0,3.0,0,3.0,305,2,-16.502466000000002,-68.081032,Irpavi,160000.0,1,Venta,2014.0,moderado
0,5.0,0,4.0,385,2,-16.521849,-68.060928,Achumani,369000.0,2,Venta,1990.0,alto
0,6.0,0,5.0,380,3,-16.537891000000002,-68.043816,Chasquipampa,299000.0,1,Venta,2019.0,bajo
0,3.0,0,4.0,220,1,-16.543034,-68.086189,Calacoto,415000.0,1,Venta,1975.0,bajo
0,5.0,0,3.0,500,3,-16.512541,-68.057106,Achumani,550000.0,2,Venta,2014.0,alto
0,5.0,0,3.0,250,2,-16.526332999999997,-68.06279,Achumani,280000.0,1,Venta,2018.0,alto
0,3.0,0,5.0,195,0,-16.505342000000002,-68.136749,San Pedro,230000.0,2,Venta,,moderado
0,1.0,0,3.0,200,0,-16.51502,-68.131523,Sopocachi,200000.0,2,Venta,1998.0,moderado
0,8.0,0,13.0,600,1,-16.513018,-68.14076999999999,Tembladerani,490000.0,2,Venta,1995.0,moderado
0,3.0,0,3.0,407,2,-16.55435,-68.08129100000001,La Florida,315000.0,1,Venta,2016.0,moderado
0,7.0,0,6.0,750,4,-16.528576,-68.092621,San Alberto,650000.0,1,Venta,2002.0,alto
0,6.0,0,4.0,385,3,-16.516356,-68.061913,Achumani,296000.0,2,Venta,2007.0,alto
0,4.0,0,3.0,250,2,-16.525881,-68.063263,Achumani,286000.0,1,Venta,2018.0,alto
0,3.0,0,4.0,243,3,-16.533511999999998,-68.077148,Achumani,295000.0,2,Venta,,alto
0,7.0,0,6.0,750,4,-16.532215,-68.091064,San Alberto,650000.0,1,Venta,2002.0,alto
0,7.0,0,6.0,506,3,-16.526460999999998,-68.07463100000001,Achumani,377000.0,2,Venta,1992.0,alto
0,3.0,0,4.0,350,4,-16.517838,-68.083603,Alto Irpavi,340000.0,2,Venta,,bajo
0,4.0,0,6.0,300,0,-16.50618,-68.139709,San Pedro,230000.0,2,Venta,1995.0,moderado
0,4.0,0,5.0,415,3,-16.522291,-68.057396,Achumani,380000.0,2,Venta,2004.0,alto
0,5.0,0,8.0,1000,0,-16.48605,-68.137466,Centro,700000.0,2,Venta,1968.0,bajo
0,6.0,0,6.0,354,3,-16.533255,-68.080299,Koani,350000.0,2,Venta,,bajo
0,8.0,0,7.0,550,2,-16.509914000000002,-68.129486,Sopocachi,639999.0,2,Venta,1990.0,moderado
0,6.0,0,6.0,354,3,-16.533255,-68.080299,Koani,350000.0,2,Venta,,bajo
0,5.0,0,4.0,339,2,-16.5411,-68.054459,Chasquipampa,305000.0,2,Venta,,bajo
0,6.0,0,10.0,434,5,-16.535917,-68.104675,Seguencoma,200000.0,2,Venta,,bajo
0,7.0,0,6.0,452,4,-16.531303,-68.091599,San Alberto,650000.0,2,Venta,2002.0,alto
0,3.0,0,3.0,565,0,-16.484811999999998,-68.14502,Centro,280000.0,2,Venta,,bajo
0,2.0,0,3.0,171,2,-16.518978,-68.064316,Achumani,285000.0,2,Venta,1998.0,alto
0,15.0,0,13.0,1438,8,-16.544447,-68.065163,Cota Cota,1400000.0,2,Venta,,moderado
0,4.0,0,3.0,444,4,-16.544447,-68.065163,Cota Cota,470000.0,2,Venta,,moderado
0,4.0,0,4.0,270,2,-16.548105,-68.064255,Cota Cota,320000.0,2,Venta,2017.0,moderado
0,4.0,0,4.0,304,2,-16.544447,-68.065163,Cota Cota,370000.0,2,Venta,,moderado
0,8.0,0,6.0,690,2,-16.544395,-68.065979,Cota Cota,610000.0,2,Venta,,moderado
0,4.0,0,6.0,285,3,-16.508123,-68.085663,Irpavi,270000.0,2,Venta,2014.0,moderado
0,8.0,0,5.0,597,2,-16.527393,-68.08873,Irpavi,390000.0,2,Venta,,moderado
0,5.0,0,4.0,374,2,-16.520982999999998,-68.084923,Irpavi,315000.0,2,Venta,2009.0,moderado
0,4.0,0,4.0,435,2,-16.53327,-68.09073599999999,San Alberto,570000.0,2,Venta,2007.0,alto
0,5.0,0,6.0,248,4,-16.539351999999997,-68.049644,Chasquipampa,200000.0,2,Venta,2015.0,bajo
0,5.0,0,5.0,400,3,-16.523371,-68.07356300000001,Alto Irpavi,270000.0,2,Venta,2015.0,bajo
0,6.0,0,4.0,320,4,-16.547251,-68.077873,Auquisamaña,420000.0,1,Venta,,bajo
0,1.0,0,3.0,90,0,-16.49021,-68.12718199999999,Miraflores,110000.0,2,Venta,1980.0,muy bajo
0,4.0,0,4.0,185,1,-16.601361999999998,-68.07060200000001,Mallasa,165000.0,1,Venta,2018.0,alto
0,4.0,0,3.0,300,3,-16.521379,-68.062744,Achumani,315000.0,2,Venta,,alto
0,3.0,0,3.0,250,2,-16.525921,-68.08575400000001,Irpavi,320000.0,2,Venta,2013.0,moderado
0,6.0,0,12.0,561,0,-16.475327,-68.128036,Villa Fatima,255000.0,1,Venta,2010.0,bajo
0,3.0,0,3.0,239,1,-16.543375,-68.060677,Cota Cota,185000.0,2,Venta,,moderado
0,5.0,0,4.0,330,3,-16.522072,-68.062073,Achumani,395000.0,2,Venta,,alto
0,2.0,0,8.0,100,4,-16.494308,-68.16394,El Tejar,135000.0,2,Venta,2018.0,moderado
0,3.0,0,3.0,239,1,-16.538771,-68.065552,Cota Cota,185000.0,2,Venta,,moderado
0,6.0,0,7.0,570,2,-16.54166,-68.05275,Chasquipampa,420000.0,2,Venta,,bajo
0,4.0,0,3.0,300,3,-16.519772,-68.061249,Achumani,315000.0,2,Venta,,alto
0,5.0,0,4.0,450,4,-16.524893,-68.06781,Achumani,790000.0,2,Venta,2013.0,alto
0,2.0,0,5.0,350,4,-16.544495,-68.09585600000001,Seguencoma,600000.0,2,Venta,1980.0,bajo
0,4.0,0,3.0,393,3,-16.544453,-68.07309000000001,Los Pinos,220000.0,2,Venta,,moderado
0,3.0,0,5.0,257,1,-16.519955,-68.103065,Alto Obrajes,218000.0,2,Venta,1994.0,moderado
0,4.0,0,4.0,500,6,-16.529156,-68.101334,Obrajes,1230000.0,2,Venta,1988.0,bajo
0,2.0,0,4.0,235,2,-16.515409,-68.09139300000001,Bolognia,230000.0,2,Venta,1994.0,bajo
0,5.0,0,4.0,375,2,-16.542542,-68.083496,Calacoto,410000.0,2,Venta,2001.0,bajo
0,6.0,0,7.0,570,2,-16.54166,-68.05275,Chasquipampa,420000.0,2,Venta,,bajo
0,5.0,0,4.0,260,2,-16.514717,-68.055153,Achumani,270000.0,1,Venta,2018.0,alto
0,8.0,0,5.0,519,1,-16.513247,-68.122124,San Jorge,600000.0,2,Venta,,muy bajo
0,3.0,0,7.0,345,3,-16.488766000000002,-68.116264,Villa Copacabana,250000.0,2,Venta,,muy bajo
0,4.0,0,4.0,318,2,-16.494156,-68.15522800000001,El Tejar,215000.0,2,Venta,,moderado
0,8.0,0,6.0,750,4,-16.495338,-68.14840699999999,El Tejar,775000.0,2,Venta,,moderado
0,4.0,0,4.0,327,0,-16.504194000000002,-68.14325699999999,San Pedro,130000.0,2,Venta,,moderado
0,3.0,0,3.0,180,5,-16.56741,-68.08976700000001,Mallasa,295000.0,2,Venta,,alto
0,2.0,0,4.0,400,0,-16.494526,-68.134377,Centro,550000.0,2,Venta,,bajo
0,3.0,0,3.0,629,3,-16.54397,-68.079086,San Miguel,1370000.0,2,Venta,,bajo
0,5.0,0,4.0,251,2,-16.526352,-68.062889,Achumani,278000.0,1,Venta,2018.0,alto
0,4.0,0,6.0,620,5,-16.517042,-68.086288,Irpavi,450000.0,2,Venta,1984.0,moderado
0,11.0,0,16.0,847,2,-16.502075,-68.139648,San Pedro,656000.0,2,Venta,1995.0,moderado
0,3.0,0,4.0,378,1,-16.511274,-68.08064300000001,Alto Irpavi,145000.0,1,Venta,,bajo
0,7.0,0,8.0,1174,6,-16.541216,-68.086235,Calacoto,1550000.0,2,Venta,,bajo
0,5.0,0,5.0,391,2,-16.54143,-68.057358,Cota Cota,220000.0,2,Venta,,moderado
0,2.0,0,7.0,200,0,-16.515511,-68.127075,Sopocachi,150000.0,2,Venta,,moderado
0,3.0,0,4.0,200,0,-16.503042,-68.14411199999999,San Pedro,170000.0,2,Venta,,moderado
0,5.0,0,5.0,550,5,-16.540701000000002,-68.07159399999999,Cota Cota,630000.0,2,Venta,,moderado
0,3.0,0,3.0,222,2,-16.520796,-68.062828,Achumani,235000.0,1,Venta,2019.0,alto
0,3.0,0,4.0,350,3,-16.531578,-68.06333199999999,Achumani,110000.0,1,Venta,2019.0,alto
0,4.0,0,5.0,274,2,-16.515293,-68.057785,Achumani,290000.0,2,Venta,2009.0,alto
0,5.0,0,4.0,285,1,-16.523369,-68.085587,Irpavi,195000.0,1,Venta,2019.0,moderado
0,4.0,0,6.0,300,2,-16.50082,-68.120857,Miraflores,265000.0,2,Venta,,muy bajo
0,4.0,0,3.0,298,3,-16.568514,-68.109566,Mallasilla,360000.0,2,Venta,2012.0,alto
0,3.0,0,4.0,230,4,-16.512489000000002,-68.086159,Irpavi,225000.0,2,Venta,1987.0,moderado
0,3.0,0,4.0,200,0,-16.501148,-68.120766,Miraflores,249000.0,2,Venta,,muy bajo
0,4.0,0,4.0,400,3,-16.525537,-68.09070600000001,Bolognia,515000.0,2,Venta,,bajo
0,9.0,0,7.0,630,8,-16.519709,-68.05686999999999,Achumani,780000.0,2,Venta,,alto
0,4.0,0,4.0,600,2,-16.505716,-68.122185,Miraflores,580000.0,2,Venta,1980.0,muy bajo
0,5.0,0,6.0,394,2,-16.52673,-68.063828,Achumani,460000.0,2,Venta,1997.0,alto
0,4.0,0,4.0,400,3,-16.525537,-68.09070600000001,Bolognia,515000.0,2,Venta,,bajo
0,4.0,0,4.0,226,2,-16.526707000000002,-68.051613,Achumani,155000.0,1,Venta,2014.0,alto
0,3.0,0,6.0,246,2,-16.477518,-68.117241,Villa Fatima,210000.0,2,Venta,2010.0,bajo
0,6.0,0,8.0,500,5,-16.526525,-68.095894,Obrajes,550000.0,2,Venta,2009.0,bajo
0,3.0,0,4.0,260,6,-16.667360000000002,-68.018051,Mecapaca,230000.0,2,Venta,2014.0,alto
0,4.0,0,4.0,332,2,-16.522417,-68.05938,Achumani,234000.0,2,Venta,,alto
0,6.0,0,6.0,790,4,-16.488676,-68.123138,Miraflores,550000.0,2,Venta,,muy bajo
0,4.0,0,4.0,400,2,-16.541656,-68.055672,Cota Cota,380000.0,2,Venta,,moderado
0,4.0,0,3.0,304,0,-16.528906,-68.08470200000001,Irpavi,500000.0,2,Venta,,moderado
0,6.0,0,4.0,385,2,-16.523258,-68.08734100000001,Irpavi,349000.0,2,Venta,,moderado
0,7.0,0,5.0,468,2,-16.486856,-68.140495,Centro,360000.0,2,Venta,,bajo
0,4.0,0,3.0,241,2,-16.514803,-68.057266,Achumani,285000.0,2,Venta,,alto
0,5.0,0,4.0,280,2,-16.503227,-68.08129100000001,Irpavi,195000.0,1,Venta,2018.0,moderado
0,4.0,0,4.0,377,2,-16.534229,-68.102592,Seguencoma,270000.0,2,Venta,,bajo
0,4.0,0,3.0,152,3,-16.54645,-68.05423,El Pedregal,149000.0,1,Venta,2018.0,alto
0,5.0,0,5.0,650,2,-16.535351000000002,-68.074448,Achumani,490000.0,2,Venta,,alto
0,4.0,0,3.0,673,2,-16.54751,-68.068787,Auquisamaña,650000.0,2,Venta,,bajo
0,5.0,0,5.0,650,2,-16.535351000000002,-68.074448,Achumani,490000.0,2,Venta,,alto
0,5.0,0,4.0,450,3,-16.544701,-68.073273,Los Pinos,580000.0,2,Venta,,moderado
0,6.0,0,5.0,450,2,-16.519045000000002,-68.060539,Achumani,413000.0,1,Venta,2015.0,alto
0,5.0,0,4.0,296,3,-16.519228,-68.06489599999999,Achumani,390000.0,2,Venta,2014.0,alto
0,4.0,0,4.0,300,2,-16.567636,-68.105186,Mallasilla,359000.0,2,Venta,2017.0,alto
0,4.0,0,3.0,237,2,-16.521685,-68.05351999999999,Achumani,195000.0,1,Venta,,alto
0,5.0,0,3.0,250,2,-16.527243,-68.06280500000001,Achumani,280000.0,2,Venta,,alto
0,5.0,0,5.0,410,4,-16.489689000000002,-68.119293,Miraflores,450000.0,2,Venta,,muy bajo
0,5.0,0,5.0,430,3,-16.525263,-68.0616,Achumani,260000.0,1,Venta,2019.0,alto
0,6.0,0,4.0,600,5,-16.522631,-68.048798,Achumani,570000.0,2,Venta,2004.0,alto
0,5.0,0,5.0,410,4,-16.489689000000002,-68.119293,Miraflores,450000.0,2,Venta,,muy bajo
0,6.0,0,6.0,720,5,-16.53603,-68.077698,Achumani,800000.0,2,Venta,,alto
0,2.0,0,3.0,215,1,-16.488657,-68.10011300000001,Pampahasi,300000.0,2,Venta,1984.0,bajo
0,6.0,0,6.0,720,5,-16.53603,-68.077698,Achumani,800000.0,2,Venta,,alto
0,5.0,0,4.0,620,5,-16.537254,-68.072968,Calacoto,890000.0,2,Venta,,bajo
0,3.0,0,3.0,207,1,-16.525108,-68.05193299999999,Achumani,189000.0,1,Venta,2018.0,alto
0,4.0,0,3.0,232,2,-16.522589,-68.052231,Achumani,215000.0,1,Venta,,alto
0,5.0,0,4.0,475,3,-16.509399,-68.08551800000001,Irpavi,380000.0,2,Venta,,moderado
0,5.0,0,4.0,500,3,-16.522683999999998,-68.057991,Achumani,555000.0,2,Venta,,alto
0,5.0,0,4.0,500,3,-16.523836,-68.060608,Achumani,555000.0,2,Venta,,alto
0,4.0,0,5.0,370,2,-16.544107,-68.095566,Seguencoma,355000.0,2,Venta,2000.0,bajo
0,4.0,0,3.0,467,4,-16.542818,-68.065536,Cota Cota,470000.0,2,Venta,2014.0,moderado
0,7.0,0,5.0,180,2,-16.579523000000002,-68.080864,La Florida,198000.0,2,Venta,2010.0,moderado
0,4.0,1,4.0,457,1,-16.520267,-68.06178299999999,Achumani,460000.0,2,Venta,,alto
0,6.0,0,4.0,480,5,-16.55986,-68.093781,Aranjuez,850000.0,2,Venta,,moderado
0,4.0,0,4.0,420,3,-16.516154999999998,-68.06189,Achumani,559000.0,2,Venta,,alto
0,3.0,0,3.0,300,4,-16.513248,-68.05998199999999,Achumani,285000.0,2,Venta,,alto
0,3.0,0,3.0,160,0,-16.520986999999998,-68.113113,Obrajes,148000.0,2,Venta,2010.0,bajo
0,3.0,0,4.0,680,4,-16.543945,-68.084259,Calacoto,780000.0,2,Venta,,bajo
0,5.0,0,4.0,362,1,-16.558542000000003,-68.093262,Aranjuez,290000.0,2,Venta,,moderado
0,3.0,0,4.0,680,4,-16.544624,-68.084351,Calacoto,780000.0,2,Venta,,bajo
0,4.0,0,4.0,943,1,-16.522842,-68.108994,Obrajes,760000.0,2,Venta,,bajo
0,7.0,1,7.0,550,4,-16.543507,-68.061691,Cota Cota,660000.0,2,Venta,1993.0,moderado
0,4.0,0,4.0,943,1,-16.525251,-68.110901,Obrajes,760000.0,2,Venta,,bajo
0,8.0,0,12.0,910,8,-16.541281,-68.087914,Calacoto,1183000.0,2,Venta,,bajo
0,4.0,0,3.0,223,2,-16.527252,-68.053093,Achumani,153000.0,2,Venta,,alto
0,6.0,0,4.0,355,2,-16.559036,-68.09816,Aranjuez,320000.0,2,Venta,2016.0,moderado
0,4.0,0,3.0,223,2,-16.527252,-68.053093,Achumani,153000.0,1,Venta,,alto
0,5.0,0,4.0,450,3,-16.544701,-68.073273,Los Pinos,580000.0,2,Venta,,moderado
0,4.0,0,5.0,450,3,-16.518532,-68.062584,Achumani,390000.0,2,Venta,,alto
0,3.0,0,4.0,198,2,-16.539469,-68.040756,Chasquipampa,175000.0,2,Venta,2008.0,bajo
0,5.0,0,4.0,300,4,-16.541307,-68.085472,Calacoto,485000.0,2,Venta,,bajo
0,6.0,0,6.0,378,5,-16.540356,-68.098732,Seguencoma,375000.0,2,Venta,,bajo
0,5.0,0,4.0,300,3,-16.489689000000002,-68.119293,Miraflores,360000.0,2,Venta,,muy bajo
0,5.0,0,4.0,300,3,-16.489689000000002,-68.119293,Miraflores,360000.0,2,Venta,,muy bajo
0,6.0,0,6.0,378,5,-16.539455,-68.098412,Seguencoma,375000.0,1,Venta,2011.0,bajo
0,5.0,0,3.0,400,3,-16.56514,-68.10067,Mallasilla,560000.0,2,Venta,,alto
0,4.0,0,4.0,307,1,-16.540758,-68.063416,Cota Cota,170000.0,2,Venta,,moderado
0,5.0,0,5.0,346,2,-16.545864,-68.07914,San Miguel,400000.0,2,Venta,,bajo
0,5.0,0,5.0,346,2,-16.545864,-68.07914,San Miguel,400000.0,2,Venta,,bajo
0,2.0,0,3.0,225,1,-16.528446,-68.049759,Achumani,165400.0,2,Venta,,alto
0,4.0,0,3.0,209,2,-16.530556,-68.03569,Ovejuyo,285000.0,2,Venta,,moderado
0,2.0,0,3.0,225,1,-16.528446,-68.049759,Achumani,165400.0,2,Venta,,alto
0,4.0,0,4.0,350,2,-16.524723,-68.106728,Obrajes,262000.0,2,Venta,1995.0,bajo
0,6.0,0,6.0,390,5,-16.536434,-68.097961,Seguencoma,390000.0,2,Venta,,bajo
0,5.0,0,4.0,480,2,-16.558214000000003,-68.095665,Aranjuez,850000.0,2,Venta,2010.0,moderado
0,6.0,0,4.0,850,2,-16.548920000000003,-68.087296,La Florida,1500000.0,2,Venta,,moderado
0,4.0,0,3.0,209,2,-16.530556,-68.03569,Ovejuyo,285000.0,2,Venta,,moderado
0,4.0,0,4.0,655,3,-16.489689000000002,-68.119293,Miraflores,395000.0,2,Venta,,muy bajo
0,4.0,0,4.0,517,2,-16.540113,-68.09648100000001,Seguencoma,300000.0,2,Venta,,bajo
0,3.0,0,3.0,226,1,-16.528446,-68.049759,Achumani,199600.0,2,Venta,,alto
0,4.0,0,4.0,276,2,-16.528246,-68.102898,Obrajes,300000.0,2,Venta,,bajo
0,4.0,0,4.0,329,2,-16.543816,-68.075096,Los Pinos,390000.0,2,Venta,,moderado
0,3.0,0,3.0,246,2,-16.535425,-68.068649,Achumani,285000.0,2,Venta,2000.0,alto
0,4.0,0,5.0,320,4,-16.541327,-68.069115,Cota Cota,320000.0,2,Venta,,moderado
0,4.0,0,4.0,655,3,-16.489689000000002,-68.119293,Miraflores,395000.0,2,Venta,,muy bajo
0,7.0,1,7.0,504,3,-16.521317,-68.063278,Achumani,430000.0,2,Venta,2012.0,alto
0,4.0,0,4.0,329,2,-16.543816,-68.075096,Los Pinos,390000.0,2,Venta,,moderado
0,4.0,0,5.0,400,2,-16.522907,-68.06752,Achumani,620000.0,2,Venta,,alto
0,4.0,1,3.0,287,0,-16.527851000000002,-68.088974,Irpavi,420000.0,2,Venta,,moderado
0,3.0,0,5.0,700,5,-16.518887,-68.063393,Achumani,480000.0,2,Venta,,alto
0,4.0,1,4.0,294,1,-16.543556,-68.085587,Calacoto,350000.0,2,Venta,,bajo
0,5.0,0,4.0,455,4,-16.54855,-68.086235,La Florida,600000.0,2,Venta,1983.0,moderado
0,5.0,0,4.0,455,4,-16.54862,-68.086205,La Florida,600000.0,2,Venta,1983.0,moderado
0,8.0,0,5.0,600,5,-16.531679,-68.087898,Irpavi,720000.0,2,Venta,2000.0,moderado
0,3.0,1,4.0,500,4,-16.535889,-68.07254,Achumani,580000.0,2,Venta,1985.0,alto
0,4.0,1,4.0,400,3,-16.513281,-68.05257399999999,Achumani,258000.0,2,Venta,,alto
0,6.0,0,4.0,250,2,-16.520279000000002,-68.080505,Alto Irpavi,215000.0,2,Venta,,bajo
0,4.0,0,3.0,673,2,-16.54751,-68.068787,Auquisamaña,650000.0,2,Venta,,bajo
0,5.0,0,3.0,375,2,-16.562597,-68.104309,Mallasilla,285000.0,2,Venta,2018.0,alto
0,4.0,0,5.0,450,3,-16.518288000000002,-68.05699200000001,Achumani,390000.0,2,Venta,,alto
0,4.0,0,4.0,315,3,-16.54241,-68.09650400000001,Seguencoma,240000.0,2,Venta,,bajo
0,4.0,0,4.0,315,3,-16.542801,-68.096458,Seguencoma,240000.0,2,Venta,,bajo
0,6.0,0,5.0,485,2,-16.547972,-68.07251,Auquisamaña,277000.0,2,Venta,,bajo
0,3.0,0,3.0,247,1,-16.519594,-68.062164,Achumani,390000.0,2,Venta,,alto
0,4.0,0,5.0,333,2,-16.520357,-68.06244699999999,Achumani,220000.0,2,Venta,,alto
1,6.0,1,4.0,592,2,-16.547507999999997,-68.087639,La Florida,650000.0,2,Venta,2014.0,moderado
0,4.0,0,5.0,333,2,-16.520357,-68.06244699999999,Achumani,220000.0,2,Venta,,alto
0,8.0,0,4.0,1000,10,-16.548545999999998,-68.08845500000001,La Florida,150000.0,2,Venta,,moderado
0,10.0,0,19.0,3293,0,-16.494965,-68.135483,Centro,5000000.0,2,Venta,1917.0,bajo
0,4.0,0,3.0,305,2,-16.527138,-68.062187,Achumani,283000.0,1,Venta,2018.0,alto
0,3.0,0,4.0,346,0,-16.544106,-68.08045200000001,San Miguel,430000.0,1,Venta,2005.0,bajo
0,3.0,0,5.0,315,2,-16.535010999999997,-68.101669,Seguencoma,255000.0,1,Venta,2010.0,bajo
0,3.0,0,4.0,307,1,-16.5425,-68.059853,Cota Cota,170000.0,1,Venta,2010.0,moderado
0,4.0,0,4.0,190,2,-16.546120000000002,-68.056549,El Pedregal,220000.0,1,Venta,2011.0,alto
0,4.0,0,5.0,495,5,-16.535917,-68.097298,Seguencoma,375000.0,2,Venta,,bajo
0,5.0,0,4.0,350,1,-16.526415,-68.105896,Obrajes,270000.0,2,Venta,,bajo
0,3.0,0,3.0,300,2,-16.529478,-68.07012900000001,Achumani,315000.0,2,Venta,,alto
0,3.0,0,4.0,309,4,-16.509657,-68.07914,Alto Irpavi,385000.0,2,Venta,,bajo
0,4.0,0,4.0,495,2,-16.527773,-68.071114,Achumani,780000.0,2,Venta,,alto
0,7.0,0,5.0,468,2,-16.486856,-68.140495,Centro,360000.0,2,Venta,,bajo
0,6.0,0,6.0,620,5,-16.547974,-68.08631899999999,La Florida,1200000.0,2,Venta,,moderado
0,4.0,0,4.0,264,2,-16.517941,-68.07995600000001,Alto Irpavi,185000.0,2,Venta,,bajo
0,6.0,0,6.0,297,2,-16.517696,-68.060005,Achumani,220000.0,2,Venta,,alto
0,4.0,0,4.0,764,2,-16.541044,-68.068466,Cota Cota,550000.0,2,Venta,,moderado
0,7.0,0,7.0,460,3,-16.546131,-68.089333,La Florida,540000.0,2,Venta,,moderado
0,5.0,0,3.0,450,2,-16.516132,-68.064079,Achumani,390000.0,2,Venta,,alto
0,6.0,0,3.0,378,2,-16.562859,-68.103386,Mallasilla,290000.0,2,Venta,,alto
0,4.0,0,3.0,291,4,-16.535774,-68.07624799999999,Achumani,423000.0,2,Venta,,alto
0,10.0,1,4.0,780,5,-16.489023,-68.123581,Miraflores,550000.0,2,Venta,,muy bajo
0,5.0,0,5.0,324,2,-16.529636,-68.099571,Obrajes,295000.0,2,Venta,,bajo
0,5.0,0,5.0,360,3,-16.517576000000002,-68.05592299999999,Achumani,335000.0,2,Venta,,alto
0,4.0,0,3.0,274,2,-16.565992,-68.103737,Mallasilla,290000.0,1,Venta,2018.0,alto
0,10.0,0,4.0,780,5,-16.49074,-68.123795,Miraflores,550000.0,1,Venta,2010.0,muy bajo
0,5.0,0,5.0,460,5,-16.522732,-68.06276700000001,Achumani,320000.0,2,Venta,,alto
0,5.0,0,4.0,315,2,-16.524235,-68.05256700000001,Achumani,225000.0,2,Venta,,alto
0,5.0,0,5.0,360,3,-16.517576000000002,-68.05592299999999,Achumani,335000.0,2,Venta,,alto
0,5.0,0,4.0,315,2,-16.524235,-68.05256700000001,Achumani,225000.0,2,Venta,,alto
0,7.0,1,5.0,560,6,-16.541567,-68.054764,Cota Cota,368000.0,2,Venta,,moderado
0,4.0,0,4.0,400,2,-16.541656,-68.055672,Cota Cota,380000.0,2,Venta,,moderado
0,5.0,0,5.0,380,5,-16.512428,-68.058136,Achumani,439000.0,2,Venta,,alto
0,4.0,0,5.0,300,4,-16.5044,-68.082298,Irpavi,320000.0,2,Venta,2010.0,moderado
0,5.0,0,5.0,380,5,-16.512428,-68.058136,Achumani,439000.0,2,Venta,,alto
0,5.0,0,4.0,410,2,-16.536814,-68.05345200000001,Chasquipampa,270000.0,2,Venta,,bajo
0,4.0,0,3.0,304,0,-16.528906,-68.08470200000001,Irpavi,500000.0,2,Venta,,moderado
0,6.0,0,6.0,470,3,-16.521191,-68.081886,Alto Irpavi,315000.0,2,Venta,,bajo
0,5.0,0,4.0,421,3,-16.544249,-68.067841,Cota Cota,580000.0,2,Venta,,moderado
0,5.0,0,4.0,410,2,-16.536814,-68.05345200000001,Chasquipampa,270000.0,2,Venta,,bajo
0,2.0,0,3.0,271,2,-16.539291,-68.060364,Cota Cota,265000.0,2,Venta,,moderado
0,6.0,0,4.0,345,2,-16.512421,-68.057358,Achumani,375000.0,2,Venta,,alto
0,5.0,0,3.0,271,2,-16.539394,-68.057663,Cota Cota,280000.0,2,Venta,2005.0,moderado
0,2.0,0,1.0,200,0,-16.492085999999997,-68.132462,Centro,143000.0,2,Venta,1930.0,bajo
0,13.0,0,15.0,555,1,-16.512014,-68.127831,Sopocachi,639999.0,2,Venta,2016.0,moderado
0,5.0,0,3.0,271,2,-16.539804,-68.057724,Cota Cota,265000.0,2,Venta,,moderado
0,4.0,0,5.0,320,2,-16.529293,-68.08644100000001,Irpavi,520000.0,2,Venta,1984.0,moderado
0,14.0,1,10.0,923,2,-16.565622,-68.113167,Mallasilla,980000.0,2,Venta,1998.0,alto
0,4.0,0,3.0,270,1,-16.518414,-68.061035,Achumani,238000.0,2,Venta,,alto
0,1.0,0,2.0,200,0,-16.514129999999998,-68.131111,Sopocachi,250000.0,2,Venta,1998.0,moderado
0,2.0,0,3.0,224,1,-16.490648,-68.14964300000001,Centro,380000.0,2,Venta,1998.0,bajo
0,5.0,0,5.0,267,3,-16.569445,-68.117805,Mallasilla,239000.0,1,Venta,2019.0,alto
0,7.0,0,6.0,700,10,-16.569592999999998,-68.11769100000001,Mallasilla,590000.0,1,Venta,2019.0,alto
0,6.0,0,5.0,451,3,-16.535805,-68.09818299999999,Seguencoma,445000.0,1,Venta,1990.0,bajo
0,2.0,0,3.0,120,5,-16.532131,-68.109138,Seguencoma,92000.0,2,Venta,2015.0,bajo
0,4.0,0,3.0,180,5,-16.567625,-68.09030200000001,Mallasa,355000.0,2,Venta,,alto
0,2.0,0,15.0,1500,7,-16.49164,-68.138237,Centro,1280000.0,2,Venta,,bajo
0,4.0,0,4.0,295,3,-16.53603,-68.077698,Achumani,330000.0,2,Venta,,alto
0,3.0,0,3.0,260,2,-16.520557,-68.066078,Achumani,248000.0,2,Venta,,alto
0,4.0,0,3.0,370,2,-16.522934,-68.063156,Achumani,198000.0,2,Venta,2001.0,alto
0,3.0,0,3.0,310,3,-16.520863000000002,-68.06223299999999,Achumani,259000.0,2,Venta,,alto
0,3.0,0,3.0,250,3,-16.525425,-68.084824,Irpavi,180000.0,2,Venta,,moderado
0,4.0,0,3.0,250,2,-16.526127,-68.06352199999999,Achumani,286000.0,1,Venta,2017.0,alto
0,3.0,0,3.0,350,3,-16.528128,-68.07061,Achumani,1500.0,2,Alquiler,,alto
0,4.0,0,3.0,365,2,-16.553434,-68.082024,La Florida,370000.0,2,Venta,,moderado
0,3.0,0,4.0,250,3,-16.560471,-68.09549,Aranjuez,440000.0,2,Venta,,moderado
0,7.0,0,4.0,600,5,-16.548271,-68.08538100000001,La Florida,3000.0,2,Alquiler,2014.0,moderado
0,4.0,0,5.0,500,2,-16.52886,-68.078461,Koani,260000.0,2,Venta,2000.0,bajo
0,5.0,0,4.0,650,5,-16.56184,-68.092636,Aranjuez,3000.0,2,Alquiler,,moderado
0,6.0,0,4.0,360,4,-16.527033,-68.065407,Achumani,2200.0,2,Alquiler,2003.0,alto
0,5.0,0,12.0,470,1,-16.512785,-68.124237,Sopocachi,2300.0,2,Alquiler,,moderado
0,7.0,0,4.0,862,2,-16.547026000000002,-68.077065,Auquisamaña,5000.0,2,Alquiler,2015.0,bajo
0,3.0,0,3.0,300,2,-16.564529,-68.112808,Mallasilla,1500.0,2,Alquiler,2012.0,alto
0,4.0,0,3.0,300,2,-16.521767,-68.054893,Achumani,650.0,2,Alquiler,2010.0,alto
0,4.0,0,3.0,350,4,-16.548014000000002,-68.09013399999999,La Florida,1000.0,2,Alquiler,1980.0,moderado
0,5.0,0,4.0,350,3,-16.523947,-68.065407,Achumani,1350.0,2,Alquiler,2012.0,alto
0,4.0,0,4.0,200,2,-16.541204,-68.087624,Calacoto,1800.0,2,Alquiler,,bajo
0,2.0,0,3.0,220,1,-16.512707000000002,-68.123924,Sopocachi,1000.0,2,Alquiler,1985.0,moderado
0,4.0,0,4.0,200,2,-16.540169,-68.089088,Calacoto,1800.0,2,Alquiler,,bajo
0,6.0,0,4.0,550,2,-16.560436,-68.093002,Aranjuez,2500.0,2,Alquiler,,moderado
0,3.0,0,4.0,300,2,-16.528328,-68.075623,Achumani,1200.0,2,Alquiler,,alto
0,1.0,0,8.0,300,0,-16.508413,-68.128387,Sopocachi,1519.5369030390739,2,Alquiler,1978.0,moderado
0,4.0,0,3.0,510,4,-16.525208,-68.067581,Achumani,2300.0,2,Alquiler,,alto
0,4.0,0,4.0,300,3,-16.524565,-68.06648299999999,Achumani,1000.0,1,Alquiler,2011.0,alto
0,4.0,0,4.0,300,3,-16.531557,-68.070686,Achumani,1300.0,1,Alquiler,2006.0,alto
0,4.0,0,2.0,250,3,-16.54353,-68.085945,Calacoto,1300.0,2,Alquiler,2011.0,bajo
0,4.0,0,4.0,250,2,-16.529761999999998,-68.069427,Achumani,1000.0,2,Alquiler,,alto
0,3.0,0,4.0,500,1,-16.491688,-68.144287,Centro,1100.0,2,Alquiler,1990.0,bajo
0,5.0,0,4.0,350,3,-16.521643,-68.071587,Achumani,1350.0,2,Alquiler,2011.0,alto
0,4.0,0,5.0,350,2,-16.514104999999997,-68.12912,Sopocachi,1900.0,2,Alquiler,,moderado
0,3.0,0,4.0,300,2,-16.543941,-68.078735,San Miguel,1800.0,1,Alquiler,2011.0,bajo
0,5.0,0,6.0,540,2,-16.524719,-68.11069499999999,Obrajes,3500.0,2,Alquiler,,bajo
0,1.0,0,8.0,140,0,-16.508438,-68.128349,Sopocachi,1519.5369030390739,2,Alquiler,1978.0,moderado
0,1.0,0,9.0,140,0,-16.508392,-68.128342,Sopocachi,1519.5369030390739,2,Alquiler,1978.0,moderado
0,3.0,0,2.0,200,0,-16.524851,-68.086525,Irpavi,600.0,1,Alquiler,2015.0,moderado
0,7.0,1,4.0,500,5,-16.518477999999998,-68.061676,Achumani,2500.0,2,Alquiler,,alto
0,4.0,0,3.0,280,4,-16.51152,-68.057129,Achumani,1600.0,2,Alquiler,2008.0,alto
0,4.0,0,4.0,260,3,-16.529131,-68.07124300000001,Achumani,1650.0,1,Alquiler,2005.0,alto
0,4.0,0,4.0,280,2,-16.542744,-68.080261,San Miguel,2000.0,2,Alquiler,2005.0,bajo
0,3.0,0,5.0,500,3,-16.529663,-68.092308,San Alberto,2000.0,2,Alquiler,2005.0,alto
0,1.0,0,4.0,168,1,-16.537603,-68.100952,Seguencoma,651.2301013024602,2,Alquiler,2010.0,bajo
0,4.0,0,4.0,550,4,-16.533958,-68.08006999999999,Koani,1600.0,2,Alquiler,2000.0,bajo
0,4.0,0,4.0,450,4,-16.544022000000002,-68.068214,Calacoto,490000.0,2,Venta,2000.0,bajo
0,4.0,0,4.0,540,4,-16.543663000000002,-68.08543399999999,Calacoto,1200000.0,2,Venta,,bajo
0,4.0,0,4.0,350,2,-16.540976999999998,-68.062294,Cota Cota,1350.0,2,Alquiler,2017.0,moderado
0,6.0,0,7.0,700,6,-16.523079,-68.085709,Irpavi,440000.0,2,Venta,,moderado
0,6.0,0,7.0,700,6,-16.523079,-68.085709,Irpavi,440000.0,2,Venta,,moderado
0,3.0,0,3.0,214,3,-16.516314,-68.06175999999999,Achumani,210000.0,2,Venta,2010.0,alto
0,4.0,0,4.0,479,2,-16.518597,-68.058304,Achumani,380000.0,2,Venta,,alto
0,4.0,0,4.0,540,4,-16.543663000000002,-68.08543399999999,Calacoto,1200000.0,2,Venta,,bajo
0,4.0,0,3.0,670,2,-16.550371,-68.08401500000001,La Florida,800000.0,2,Venta,,moderado
0,4.0,0,4.0,250,2,-16.519420999999998,-68.051765,Achumani,2200.0,1,Alquiler,2019.0,alto
0,5.0,0,6.0,450,3,-16.528088,-68.104065,Obrajes,2400.0,2,Alquiler,,bajo
0,4.0,0,4.0,250,2,-16.519410999999998,-68.051765,Achumani,2200.0,1,Alquiler,2019.0,alto
0,4.0,0,4.0,250,2,-16.519381,-68.051765,Achumani,2200.0,1,Alquiler,2019.0,alto
0,4.0,0,3.0,300,2,-16.516226,-68.129929,Sopocachi,2300.0,2,Alquiler,,moderado
0,4.0,0,3.0,220,2,-16.519196,-68.051743,Achumani,1800.0,1,Alquiler,2019.0,alto
0,4.0,0,4.0,250,2,-16.5194,-68.051826,Achumani,2200.0,1,Alquiler,2019.0,alto
0,3.0,0,3.0,300,2,-16.534962,-68.073097,Achumani,1500.0,2,Alquiler,2010.0,alto
0,4.0,0,4.0,500,2,-16.520820999999998,-68.059097,Achumani,1500.0,2,Alquiler,2000.0,alto
1,3.0,0,3.0,300,4,-16.515091,-68.059158,Achumani,2500.0,2,Alquiler,,alto
0,4.0,0,6.0,270,2,-16.513063,-68.12767,Sopocachi,1700.0,2,Alquiler,,moderado
0,4.0,0,3.0,250,1,-16.541019,-68.057556,Cota Cota,750.0,2,Alquiler,,moderado
0,5.0,0,3.0,290,0,-16.525675,-68.064766,Achumani,1300.0,1,Alquiler,2010.0,alto
0,3.0,0,3.0,350,3,-16.519079,-68.077835,Alto Irpavi,4500.0,2,Alquiler,,bajo
0,4.0,0,3.0,300,4,-16.520779,-68.0597,Achumani,2500.0,2,Alquiler,,alto
0,5.0,0,3.0,440,3,-16.56596,-68.114098,Mallasilla,2500.0,2,Alquiler,2014.0,alto
0,4.0,0,5.0,465,4,-16.540485,-68.087921,Calacoto,3300.0,2,Alquiler,,bajo
0,1.0,0,8.0,300,0,-16.508454999999998,-68.128365,Sopocachi,1519.5369030390739,2,Alquiler,1978.0,moderado
0,4.0,0,5.0,270,2,-16.525881,-68.069443,Achumani,1800.0,2,Alquiler,,alto
0,5.0,0,4.0,370,2,-16.533134,-68.075775,Achumani,1500.0,2,Alquiler,,alto
0,6.0,0,5.0,580,4,-16.512047,-68.056709,Achumani,2500.0,2,Alquiler,2015.0,alto
0,7.0,0,12.0,450,2,-16.518288000000002,-68.12802099999999,Sopocachi,2500.0,2,Alquiler,,moderado
0,7.0,0,4.0,621,2,-16.551057999999998,-68.090324,La Florida,3000.0,2,Alquiler,2005.0,moderado
0,6.0,0,4.0,432,4,-16.568417,-68.104637,Mallasilla,2301.0,2,Alquiler,2016.0,alto
0,4.0,0,3.0,300,2,-16.567636,-68.104416,Mallasilla,1500.0,2,Alquiler,,alto
0,4.0,0,5.0,500,4,-16.512856,-68.057213,Achumani,360000.0,1,Venta,2017.0,alto
0,3.0,0,4.0,215,3,-16.564138,-68.101501,Mallasilla,248000.0,1,Venta,2018.0,alto
0,4.0,0,3.0,365,2,-16.553434,-68.082024,La Florida,370000.0,1,Venta,,moderado
0,3.0,0,3.0,205,4,-16.546633,-68.077934,Auquisamaña,280000.0,2,Venta,,bajo
0,4.0,0,4.0,1500,2,-16.504524,-68.117424,Miraflores,3500.0,2,Alquiler,1990.0,muy bajo
0,6.0,0,4.0,600,2,-16.541916,-68.062653,Cota Cota,490000.0,2,Venta,,moderado
0,7.0,0,5.0,375,4,-16.516829,-68.06210300000001,Achumani,650000.0,2,Venta,,alto
0,5.0,0,4.0,377,3,-16.514153,-68.060822,Achumani,320000.0,2,Venta,,alto
0,3.0,0,4.0,300,2,-16.516829,-68.06210300000001,Achumani,390000.0,1,Venta,,alto
0,4.0,0,5.0,540,2,-16.516829,-68.06210300000001,Achumani,370000.0,2,Venta,,alto
1,3.0,0,4.0,440,2,-16.566183,-68.101295,Mallasilla,358000.0,2,Venta,,alto
0,4.0,0,4.0,342,2,-16.594593,-68.07073199999999,Mallasa,194000.0,1,Venta,,alto
0,3.0,0,3.0,251,3,-16.543047,-68.05765500000001,Cota Cota,280000.0,2,Venta,,moderado
0,4.0,0,4.0,510,3,-16.512159,-68.05783100000001,Achumani,480000.0,2,Venta,,alto
0,6.0,0,5.0,470,3,-16.504435,-68.08163499999999,Irpavi,395000.0,2,Venta,,moderado
0,6.0,0,5.0,470,3,-16.504435,-68.08163499999999,Irpavi,395000.0,2,Venta,,moderado
0,4.0,0,4.0,330,10,-16.534155,-68.071815,Achumani,550000.0,2,Venta,,alto
0,4.0,0,4.0,270,3,-16.513289999999998,-68.051529,Achumani,220000.0,2,Venta,2014.0,alto
0,4.0,0,3.0,273,4,-16.524048,-68.052635,Achumani,220000.0,2,Venta,,alto
0,3.0,0,3.0,363,4,-16.542048,-68.05570999999999,Cota Cota,250000.0,1,Venta,,moderado
0,4.0,0,5.0,430,3,-16.546785,-68.074112,Calacoto,650000.0,2,Venta,,bajo
1,3.0,0,4.0,350,5,-16.512672,-68.085663,Irpavi,300000.0,2,Venta,2007.0,moderado
0,4.0,0,4.0,467,2,-16.514471,-68.062218,Achumani,299000.0,2,Venta,,alto
0,4.0,0,4.0,382,2,-16.517353,-68.060379,Achumani,305000.0,2,Venta,,alto
0,4.0,0,4.0,350,2,-16.51609,-68.063644,Achumani,335000.0,2,Venta,,alto
0,5.0,0,4.0,370,5,-16.566599,-68.09983100000001,Mallasilla,430000.0,2,Venta,,alto
0,6.0,0,6.0,384,8,-16.518383,-68.064346,Achumani,495000.0,2,Venta,,alto
0,4.0,0,4.0,415,3,-16.536093,-68.100082,Seguencoma,590000.0,2,Venta,,bajo
0,4.0,0,4.0,500,4,-16.547132,-68.087761,La Florida,1200000.0,2,Venta,,moderado
0,5.0,0,5.0,433,1,-16.502962,-68.117294,Miraflores,370000.0,2,Venta,,muy bajo
0,6.0,0,5.0,450,2,-16.516829,-68.06210300000001,Achumani,375000.0,2,Venta,,alto
0,6.0,0,5.0,450,2,-16.516829,-68.06210300000001,Achumani,375000.0,2,Venta,,alto
0,4.0,0,4.0,350,2,-16.527079,-68.068398,Achumani,530000.0,2,Venta,,alto
0,5.0,0,5.0,480,5,-16.526491,-68.08749399999999,Irpavi,380000.0,2,Venta,,moderado
0,5.0,0,4.0,347,3,-16.528907999999998,-68.068626,Achumani,500000.0,2,Venta,,alto
0,6.0,0,8.0,635,5,-16.526466,-68.099037,Bella Vista,600000.0,2,Venta,2009.0,moderado
0,4.0,0,4.0,415,3,-16.536093,-68.100082,Seguencoma,590000.0,2,Venta,,bajo
0,4.0,0,4.0,560,0,-16.502979,-68.082169,Irpavi,255000.0,2,Venta,,moderado
0,4.0,0,3.0,464,0,-16.549179000000002,-68.088295,La Florida,450000.0,2,Venta,,moderado
0,4.0,0,3.0,232,1,-16.521906,-68.06019599999999,Achumani,215000.0,2,Venta,,alto
0,8.0,0,8.0,840,8,-16.54863,-68.08624300000001,La Florida,900000.0,2,Venta,,moderado
0,8.0,0,8.0,840,8,-16.54863,-68.08624300000001,La Florida,900000.0,2,Venta,,moderado
0,2.0,0,3.0,200,3,-16.533479999999997,-68.10333299999999,Seguencoma,210000.0,2,Venta,,bajo
0,4.0,0,3.0,237,1,-16.523027,-68.062752,Achumani,195000.0,2,Venta,,alto
0,3.0,0,4.0,320,2,-16.540998000000002,-68.067314,Cota Cota,349000.0,2,Venta,1998.0,moderado
0,4.0,0,4.0,317,3,-16.520485,-68.061142,Achumani,399000.0,2,Venta,,alto
0,4.0,0,5.0,420,3,-16.513432,-68.056923,Achumani,290000.0,2,Venta,2007.0,alto
1,4.0,0,3.0,227,2,-16.526332999999997,-68.051743,Achumani,150000.0,1,Venta,2016.0,alto
0,4.0,0,5.0,430,3,-16.545835,-68.08416,Calacoto,600000.0,2,Venta,,bajo
0,5.0,0,4.0,650,5,-16.56184,-68.092636,Aranjuez,640000.0,2,Venta,,moderado
0,3.0,0,3.0,350,2,-16.525864000000002,-68.106071,Obrajes,290000.0,2,Venta,,bajo
0,5.0,0,4.0,650,5,-16.56184,-68.092636,Aranjuez,640000.0,2,Venta,,moderado
0,4.0,0,4.0,260,2,-16.516829,-68.06210300000001,Achumani,280000.0,2,Venta,,alto
0,4.0,0,4.0,260,2,-16.516829,-68.06210300000001,Achumani,280000.0,1,Venta,,alto
0,5.0,0,4.0,420,2,-16.489689000000002,-68.119293,Miraflores,420000.0,2,Venta,,muy bajo
0,5.0,0,4.0,420,2,-16.489689000000002,-68.119293,Miraflores,420000.0,2,Venta,,muy bajo
0,5.0,0,4.0,500,6,-16.511997,-68.055832,Achumani,439000.0,2,Venta,,alto
0,3.0,0,4.0,270,2,-16.50861,-68.083313,Alto Irpavi,183000.0,2,Venta,2007.0,bajo
0,4.0,0,3.0,470,2,-16.489689000000002,-68.119293,Miraflores,500000.0,2,Venta,,muy bajo
0,4.0,0,3.0,470,2,-16.489689000000002,-68.119293,Miraflores,500000.0,2,Venta,,muy bajo
0,2.0,0,4.0,555,2,-17.816195999999998,-68.075409,Sopocachi,470000.0,2,Venta,1987.0,moderado
0,5.0,0,5.0,420,2,-16.512779000000002,-68.053574,Achumani,310000.0,2,Venta,2018.0,alto
0,5.0,0,3.0,780,4,-16.527569,-68.06308,Achumani,780000.0,2,Venta,2014.0,alto
0,3.0,0,4.0,317,4,-16.53064,-68.071404,Achumani,298000.0,2,Venta,,alto
0,5.0,0,5.0,324,3,-16.519012,-68.082802,Alto Irpavi,255000.0,2,Venta,,bajo
0,4.0,0,5.0,417,0,-16.494057,-68.123672,Miraflores,340000.0,2,Venta,,muy bajo
0,5.0,0,3.0,250,2,-16.526297,-68.065102,Achumani,275000.0,1,Venta,,alto
0,5.0,0,5.0,324,3,-16.519012,-68.082802,Alto Irpavi,255000.0,2,Venta,,bajo
0,4.0,0,5.0,360,3,-16.51156,-68.130341,Sopocachi,360000.0,2,Venta,,moderado
0,3.0,0,3.0,350,2,-16.523733,-68.05941,Achumani,565000.0,2,Venta,,alto
0,4.0,0,5.0,329,5,-16.516829,-68.06210300000001,Achumani,380000.0,2,Venta,,alto
0,6.0,0,4.0,451,5,-16.530622,-68.091637,Irpavi,650000.0,2,Venta,,moderado
0,4.0,0,4.0,297,2,-16.537321,-68.04675300000001,Chasquipampa,270000.0,2,Venta,,bajo
0,6.0,0,4.0,512,2,-16.520861,-68.05995899999999,Achumani,560000.0,2,Venta,,alto
0,4.0,0,5.0,329,5,-16.516829,-68.06210300000001,Achumani,380000.0,2,Venta,,alto
0,5.0,0,4.0,473,4,-16.511522,-68.055786,Achumani,625000.0,2,Venta,2014.0,alto
0,5.0,0,5.0,590,1,-16.547617000000002,-68.06813000000001,Auquisamaña,880000.0,2,Venta,,bajo
0,5.0,0,5.0,590,1,-16.547617000000002,-68.06813000000001,Auquisamaña,880000.0,2,Venta,,bajo
0,5.0,0,4.0,320,3,-16.526293,-68.07351700000001,Achumani,1500.0,2,Alquiler,2010.0,alto
0,6.0,0,4.0,400,2,-16.505924,-68.082748,Irpavi,1200.0,1,Alquiler,2017.0,moderado
0,5.0,0,4.0,400,2,-16.506021,-68.08285500000001,Irpavi,1100.0,2,Alquiler,2015.0,moderado
0,5.0,0,9.0,450,2,-16.514566000000002,-68.129395,Sopocachi,2200.0,2,Alquiler,,moderado
0,4.0,0,3.0,300,3,-16.514418,-68.062027,Achumani,2000.0,1,Alquiler,2018.0,alto
0,5.0,0,3.0,300,2,-16.548745999999998,-68.077827,Auquisamaña,2300.0,2,Alquiler,,bajo
0,7.0,0,5.0,680,3,-16.520388,-68.061852,Achumani,4800.0,2,Alquiler,,alto
0,4.0,1,4.0,298,1,-16.553951,-68.098961,Aranjuez,2000.0,2,Alquiler,,moderado
0,2.0,0,4.0,225,1,-16.511995000000002,-68.128395,Sopocachi,1200.0,2,Alquiler,,moderado
0,2.0,0,3.0,225,1,-16.515404,-68.12841800000001,Sopocachi,1000.0,2,Alquiler,,moderado
0,4.0,0,20.0,480,3,-16.499996,-68.118622,Miraflores,2700.0,2,Alquiler,2005.0,muy bajo
0,6.0,0,5.0,400,8,-16.541307,-68.086159,Calacoto,3000.0,2,Alquiler,2017.0,bajo
0,4.0,0,3.0,330,2,-16.563253,-68.09818299999999,Mallasilla,1600.0,2,Alquiler,,alto
0,5.0,0,4.0,375,3,-16.526505,-68.067513,Achumani,1500.0,2,Alquiler,,alto
0,3.0,0,4.0,208,2,-16.521805,-68.065208,Achumani,100000.0,1,Anticretico,,alto
1,6.0,0,4.0,380,3,-16.541365,-68.073463,Los Pinos,5000.0,2,Alquiler,,moderado
0,4.0,0,5.0,480,2,-16.521894,-68.057137,Achumani,95000.0,2,Anticretico,,alto
0,4.0,0,5.0,480,2,-16.521894,-68.057137,Achumani,95000.0,2,Anticretico,,alto
0,5.0,0,5.0,480,3,-16.518723,-68.061417,Achumani,115000.0,1,Anticretico,2010.0,alto
0,4.0,0,4.0,350,3,-16.529617000000002,-68.07907900000001,Koani,100000.0,2,Anticretico,,bajo
0,6.0,0,4.0,300,3,-16.547577,-68.088875,Calacoto,85000.0,1,Anticretico,,bajo
0,3.0,0,4.0,208,2,-16.518933999999998,-68.064667,Achumani,100000.0,2,Anticretico,,alto
0,3.0,0,3.0,350,2,-16.52194,-68.059189,Achumani,100000.0,2,Anticretico,,alto
0,3.0,0,3.0,350,1,-16.513166000000002,-68.05589300000001,Achumani,85000.0,2,Anticretico,,alto
0,3.0,0,3.0,208,2,-16.519241,-68.063858,Achumani,80000.0,1,Anticretico,,alto
0,5.0,0,6.0,380,2,-16.547684,-68.06405600000001,Cota Cota,125000.0,2,Anticretico,2012.0,moderado
1,3.0,0,4.0,270,1,-16.518728,-68.061485,Achumani,198000.0,2,Anticretico,,alto
0,3.0,0,3.0,250,0,-16.546572,-68.077187,San Miguel,75000.0,2,Anticretico,,bajo
0,4.0,0,4.0,300,2,-16.522038000000002,-68.087738,Irpavi,100000.0,2,Anticretico,,moderado
0,3.0,0,3.0,250,0,-16.546572,-68.077187,San Miguel,75000.0,2,Anticretico,,bajo
0,3.0,0,3.0,250,0,-16.539278,-68.088844,Calacoto,75000.0,2,Anticretico,2011.0,bajo
0,3.0,0,3.0,250,0,-16.545174,-68.082207,Calacoto,75000.0,1,Anticretico,,bajo
0,3.0,0,4.0,450,1,-16.529593,-68.1007,Obrajes,100000.0,2,Anticretico,,bajo
0,3.0,0,4.0,815,4,-16.524820000000002,-68.069801,Achumani,1100.0,2,Alquiler,,alto
1,6.0,0,4.0,380,2,-16.520203,-68.057343,Achumani,1800.0,2,Alquiler,,alto
1,5.0,0,4.0,420,4,-16.510012,-68.052734,Achumani,2100.0,2,Alquiler,,alto
0,3.0,0,4.0,815,4,-16.524820000000002,-68.069801,Achumani,1100.0,2,Alquiler,,alto
0,4.0,0,4.0,238,2,-16.518639,-68.064079,Achumani,1700.0,2,Alquiler,,alto
0,5.0,0,3.0,400,2,-16.540758,-68.063416,Cota Cota,1700.0,2,Alquiler,,moderado
0,5.0,0,3.0,400,2,-16.540758,-68.063416,Cota Cota,1700.0,2,Alquiler,,moderado
0,5.0,0,3.0,600,3,-15.089242,-68.524712,Mallasilla,2000.0,2,Alquiler,,alto
0,6.0,0,4.0,480,5,-16.559982,-68.09369699999999,Aranjuez,2100.0,2,Alquiler,,moderado
1,4.0,0,5.0,490,3,-16.514463,-68.061371,Achumani,2500.0,2,Alquiler,,alto
0,5.0,0,4.0,238,2,-16.530077,-68.07094599999999,Achumani,2000.0,1,Alquiler,,alto
0,5.0,0,4.0,650,5,-16.56184,-68.092636,Aranjuez,3000.0,2,Alquiler,,moderado
0,5.0,0,3.0,450,2,-16.515678,-68.06456,Achumani,2500.0,2,Alquiler,2016.0,alto
1,3.0,0,3.0,600,3,-16.542912,-68.05641899999999,Cota Cota,2500.0,2,Alquiler,,moderado
0,7.0,0,6.0,490,6,-16.551434,-68.068352,Auquisamaña,1200.0,2,Alquiler,,bajo
0,4.0,0,4.0,298,1,-16.551962,-68.094978,Aranjuez,2000.0,2,Alquiler,,moderado
0,4.0,0,4.0,220,3,-16.515133,-68.08371,Alto Irpavi,651.2301013024602,2,Alquiler,2006.0,bajo
0,4.0,0,4.0,400,2,-16.547642,-68.06562,Auquisamaña,1500.0,2,Alquiler,,bajo
0,3.0,0,4.0,250,1,-16.512966,-68.054932,Achumani,800.0,2,Alquiler,,alto
1,5.0,0,4.0,530,2,-16.559914000000003,-68.098984,Aranjuez,3000.0,2,Alquiler,,moderado
1,5.0,0,4.0,530,2,-16.559914000000003,-68.098984,Aranjuez,3000.0,2,Alquiler,,moderado
0,5.0,0,4.0,362,3,-16.537012,-68.073647,Calacoto,3000.0,2,Alquiler,,bajo
0,6.0,0,4.0,380,2,-16.507181,-68.083786,Irpavi,1200.0,2,Alquiler,,moderado
0,6.0,0,4.0,380,2,-16.507181,-68.083786,Irpavi,1200.0,2,Alquiler,,moderado
0,4.0,0,4.0,400,2,-16.54759,-68.067612,Auquisamaña,1500.0,2,Alquiler,,bajo
0,5.0,0,4.0,362,3,-16.537012,-68.073647,Calacoto,3000.0,2,Alquiler,,bajo
0,4.0,0,3.0,318,3,-16.520943,-68.081924,Alto Irpavi,900.0,2,Alquiler,,bajo
0,3.0,0,3.0,200,3,-16.51543,-68.059875,Achumani,2000.0,1,Alquiler,,alto
1,4.0,0,4.0,646,1,-16.52054,-68.05950899999999,Achumani,2900.0,2,Alquiler,,alto
0,3.0,0,4.0,300,3,-16.530895,-68.068832,Achumani,1500.0,2,Alquiler,1990.0,alto
0,3.0,0,4.0,300,3,-16.53089,-68.06881,Achumani,1500.0,2,Alquiler,1990.0,alto
0,4.0,0,3.0,220,2,-16.547601999999998,-68.088211,La Florida,1300.0,1,Alquiler,,moderado
0,6.0,0,4.0,480,3,-16.55986,-68.094727,Aranjuez,2100.0,2,Alquiler,2012.0,moderado
0,5.0,0,4.0,460,0,-16.566031,-68.112892,Mallasilla,2500.0,2,Alquiler,,alto
0,6.0,0,10.0,350,4,-16.542295000000003,-68.08847800000001,Calacoto,1900.0,2,Alquiler,,bajo
0,3.0,0,4.0,350,3,-16.527731,-68.085922,Irpavi,1400.0,2,Alquiler,,moderado
0,4.0,0,4.0,320,3,-16.531475,-68.072487,Achumani,1350.0,2,Alquiler,2011.0,alto
0,6.0,0,4.0,450,5,-16.560719,-68.092979,Aranjuez,2100.0,2,Alquiler,,moderado
0,1.0,0,4.0,165,1,-16.539495000000002,-68.09845,Seguencoma,650.0,2,Alquiler,,bajo
0,2.0,0,3.0,220,1,-16.525146,-68.109116,Obrajes,1200.0,2,Alquiler,,bajo
0,6.0,0,5.0,500,5,-16.542103,-68.088188,Calacoto,4000.0,2,Alquiler,1992.0,bajo
0,5.0,0,20.0,400,3,-16.49391,-68.121284,Miraflores,2700.0,2,Alquiler,,muy bajo
0,6.0,0,8.0,720,5,-16.527456,-68.103104,Obrajes,2000.0,2,Alquiler,1990.0,bajo
0,5.0,0,4.0,380,2,-16.50403,-68.07907900000001,Irpavi,1200.0,2,Alquiler,2013.0,moderado
0,5.0,0,4.0,500,2,-16.542986,-68.089088,Calacoto,2300.0,2,Alquiler,,bajo
0,3.0,0,3.0,500,2,-16.502910999999997,-68.079697,Irpavi,750.0,2,Alquiler,,moderado
0,4.0,0,3.0,280,2,-16.529336999999998,-68.04863,Achumani,900.0,2,Alquiler,,alto
0,5.0,0,3.0,462,4,-16.518023,-68.06231700000001,Achumani,2000.0,2,Alquiler,2005.0,alto
0,7.0,0,4.0,500,5,-16.516911,-68.057724,Achumani,2500.0,2,Alquiler,,alto
0,3.0,0,3.0,500,2,-16.502910999999997,-68.079697,Irpavi,750.0,2,Alquiler,,moderado
0,5.0,0,4.0,500,2,-16.541225,-68.06100500000001,Cota Cota,2200.0,2,Alquiler,2000.0,moderado
0,9.0,0,5.0,740,2,-16.534643,-68.078285,Achumani,2000.0,2,Alquiler,2011.0,alto
0,5.0,0,7.0,761,3,-16.494694,-68.120407,Miraflores,2098.408104196816,2,Alquiler,2001.0,muy bajo
0,4.0,0,8.0,761,3,-16.503618,-68.117676,Miraflores,2098.408104196816,2,Alquiler,2004.0,muy bajo
0,6.0,0,5.0,600,2,-16.510855,-68.054695,Achumani,2500.0,2,Alquiler,,alto
0,5.0,0,4.0,400,3,-16.522739,-68.065315,Achumani,2000.0,2,Alquiler,2010.0,alto
0,9.0,0,5.0,740,2,-16.5341,-68.07643900000001,Achumani,2600.0,2,Alquiler,,alto
0,5.0,0,4.0,450,2,-16.554012,-68.094536,Aranjuez,2100.0,2,Alquiler,,moderado
0,1.0,0,3.0,200,2,-16.54427,-68.07821700000001,San Miguel,1100.0,2,Alquiler,,bajo
